bench,l1_size,ipc,power_mw,efficiency
blowfish,2kB,0.681842,500.0,0.001364
blowfish,4kB,0.7138,500.0,0.001428
blowfish,8kB,0.896567,500.0,0.001793
blowfish,16kB,0.897154,500.0,0.001794
blowfish,32kB,0.948517,500.0,0.001897
dijkstra,2kB,0.644648,500.0,0.001289
dijkstra,4kB,0.722132,500.0,0.001444
dijkstra,8kB,0.939586,500.0,0.001879
dijkstra,16kB,1.014048,500.0,0.002028
dijkstra,32kB,1.139076,500.0,0.002278
